projet,secteur,cout_initial,cout_actuel,cout_initial_g,cout_actuel_g,annee_annonce,echeance_initiale,echeance_actuelle,statut,sources
Tramway de Québec,transport,Pas de source officielle trouvée,"7,6 G$ (décembre 2024)",,,,Automne 2026,2033,en planification,https://ici.radio-canada.ca/nouvelle/2127171/tramway-tramcite-projet-milliards · https://www.lesoleil.com/actualites/actualites-locales/la-capitale/2026/04/01/tramway-rien-ne-laisse-croire-a-des-depassements-de-couts-HPHDZMX7SNDODGSMFBTWU5R3BA/ · https://www.donneesquebec.ca/recherche/dataset/67d85a7a-10af-4af0-b4da-abc64cfd735a/resource/1f3ea7fa-d8c6-4054-937d-fcc76be81803/download/donnees_ouvertes_tb_20260820.csv
Troisième lien Québec-Lévis,transport,"6 à 7 G$ (tunnel, mai 2021)",Aucun coût officiel,,,,,,en planification,https://ici.radio-canada.ca/nouvelle/1793883/ · https://www.lapresse.ca/actualites/politique/2025-07-08/troisieme-lien-quebec-levis/le-projet-pourrait-couter-pres-de-10-milliards.php · https://www.quebec.ca/nouvelles/actualites/details/troisieme-lien-entre-quebec-et-levis-le-gouvernement-frechette-lance-lappel-dinteret-international-71449 · https://www.lapresse.ca/actualites/politique/2026-08-11/troisieme-lien-quebec-levis/le-gouvernement-a-recu-21-propositions-d-entreprises.php
Prolongement de la ligne bleue du métro de Montréal,transport,"6,4 G$ (estimation avant 2024)","7,6 G$ (7 576,5 M$, juillet 2024)",6.4,7.5765,,2026,Mai 2031,en réalisation,https://ici.radio-canada.ca/nouvelle/2099178/prolongement-ligne-bleue-2031 · https://www.lapresse.ca/actualites/grand-montreal/2026-05-13/prolongement-de-la-ligne-bleue/le-tunnelier-entrera-finalement-en-action.php · https://www.donneesquebec.ca/recherche/dataset/67d85a7a-10af-4af0-b4da-abc64cfd735a/resource/1f3ea7fa-d8c6-4054-937d-fcc76be81803/download/donnees_ouvertes_tb_20260820.csv
REM de l'Est / Projet structurant de l'Est (Montréal),transport,Pas de source officielle trouvée,Non publié,,,,,,à l'étude,https://www.donneesquebec.ca/recherche/dataset/67d85a7a-10af-4af0-b4da-abc64cfd735a/resource/1f3ea7fa-d8c6-4054-937d-fcc76be81803/download/donnees_ouvertes_tb_20260820.csv
Hôpital de Vaudreuil-Soulanges,sante,"2,6 G$ (2 595 M$, juin 2022)","2,6 G$ (2 595 M$)",2.595,2.595,2022,Novembre 2026,Août 2027,en réalisation,https://www.donneesquebec.ca/recherche/dataset/67d85a7a-10af-4af0-b4da-abc64cfd735a/resource/1f3ea7fa-d8c6-4054-937d-fcc76be81803/download/donnees_ouvertes_tb_20260820.csv
Nouveau complexe hospitalier de l'Hôpital de l'Enfant-Jésus (CHU de Québec),sante,"2,0 G$ (1 967,5 M$, 2018)","2,7 G$ (2 656,9 M$)",1.9675,2.6569,2018,Décembre 2025,Décembre 2031,en réalisation,https://www.donneesquebec.ca/recherche/dataset/67d85a7a-10af-4af0-b4da-abc64cfd735a/resource/1f3ea7fa-d8c6-4054-937d-fcc76be81803/download/donnees_ouvertes_tb_20260820.csv
Nouveau pont de l'Île-d'Orléans,transport,Non retracé,"2,8 G$ (2 759,1 M$, mars 2024)",,,,,Décembre 2033,en réalisation,https://www.donneesquebec.ca/recherche/dataset/67d85a7a-10af-4af0-b4da-abc64cfd735a/resource/1f3ea7fa-d8c6-4054-937d-fcc76be81803/download/donnees_ouvertes_tb_20260820.csv
Réfection du tunnel Louis-Hippolyte-La Fontaine,transport,"1,3 G$ (1 254,2 M$)","2,8 G$ (2 796,1 M$)",1.2542,2.7961,,Novembre 2024,Août 2027,en réalisation,https://www.donneesquebec.ca/recherche/dataset/67d85a7a-10af-4af0-b4da-abc64cfd735a/resource/1f3ea7fa-d8c6-4054-937d-fcc76be81803/download/donnees_ouvertes_tb_20260820.csv
Nouveau pont de l'Île-aux-Tourtes,transport,"1,5 G$ (1 475,4 M$)","2,3 G$ (2 301,6 M$, avril 2023)",1.4754,2.3016,,,Décembre 2027 (ouverture partielle en décembre 2026),en réalisation,https://www.donneesquebec.ca/recherche/dataset/67d85a7a-10af-4af0-b4da-abc64cfd735a/resource/1f3ea7fa-d8c6-4054-937d-fcc76be81803/download/donnees_ouvertes_tb_20260820.csv
SAAQclic (programme CASA de la SAAQ),transport,638 M$ (dossier d'affaires de 2017),"Au moins 1,1 G$ d'ici mars 2027",0.638,1.1,2017,,,"en service, en partie abandonné",https://www.quebec.ca/nouvelles/actualites/details/le-verificateur-general-du-quebec-presente-le-tome-de-fevrier-2025-de-son-rapport-a-lassemblee-nationale-61131 · https://ici.radio-canada.ca/nouvelle/2142323/saaqclic-verificatrice-fiasco-saaq · https://ici.radio-canada.ca/nouvelle/2229424/depot-rapport-commission-gallant-saaq-clic · https://www.lapresse.ca/actualites/2026-02-16/fiasco-saaqclic/quelles-sont-les-recommandations-du-rapport-gallant.php
Musée national de l'histoire du Québec (ex-Espace bleu de la Capitale-Nationale),culture,"49,8 M$","105,0 M$ (août 2025)",0.0498,0.105,,Mai 2025,Mars 2026 (bâtiment),"bâtiment livré, équipements à installer",https://www.donneesquebec.ca/recherche/dataset/67d85a7a-10af-4af0-b4da-abc64cfd735a/resource/1f3ea7fa-d8c6-4054-937d-fcc76be81803/download/donnees_ouvertes_tb_20260820.csv · https://www.assnat.qc.ca/fr/travaux-parlementaires/projets-loi/projet-loi-64-43-1.html
Northvolt (usine de batteries en Montérégie),economie,"2,7 G$ promis par Québec et Ottawa pour la construction (septembre 2023)","270 M$ perdus par Québec ; prêt de 240 M$ pour le terrain, en partie récupéré",,,,,,abandonné,https://ici.radio-canada.ca/nouvelle/2013496/ · https://ici.radio-canada.ca/nouvelle/2189759/northvolt-fin-entente-quebec-investissements · https://www.cbc.ca/news/canada/montreal/northvolt-quebec-1.7626327
Aide publique à la filière batterie,economie,"Environ 2,2 G$ d'aide autorisée (au 30 septembre 2025)","Pertes estimées de 375,2 M$",,,,,,en partie abandonné,https://www.lesaffaires.com/dossiers/developpement-durable-etre-a-lavant-garde/filiere-batterie-6-des-11-projets-finances-par-quebec-sont-tombes-a-leau/ · https://ici.radio-canada.ca/nouvelle/2260580/filiere-batterie-quebec-rapport-vg · https://www.cbc.ca/news/canada/montreal/quebec-auditor-general-battery-sector-northvolt-9.7230352
Plan d'action 2035 d'Hydro-Québec,energie,155 à 185 G$ d'ici 2035 (novembre 2023),,,,,2035,,en réalisation,https://www.hydroquebec.com/data/a-propos/pdf/plan-action-2035.pdf
Entente sur Churchill Falls et Gull Island (Terre-Neuve-et-Labrador),energie,,"60 G$ d'investissements d'Hydro-Québec et de NL Hydro, plus environ 10 G$ du fédéral",,,,,,en négociation,https://ici.radio-canada.ca/nouvelle/2275789/churchill-falls-signature-entente-carney-frechette-wakeham · https://www.cbc.ca/news/canada/newfoundland-labrador/churchill-falls-debate-vote-9.7347352
Maisons des aînés,sante,Non publié pour l'ensemble du programme,"Environ 2,13 G$ pour 18 projets de 20 M$ et plus",,,,2022 (2 600 résidents visés),,en réalisation,https://ici.radio-canada.ca/nouvelle/1697082/ · https://www.donneesquebec.ca/recherche/dataset/67d85a7a-10af-4af0-b4da-abc64cfd735a/resource/1f3ea7fa-d8c6-4054-937d-fcc76be81803/download/donnees_ouvertes_tb_20260820.csv
Modernisation de l'Hôpital Maisonneuve-Rosemont (Montréal),sante,Non publié,Non publié,,,,,,en planification,https://www.donneesquebec.ca/recherche/dataset/67d85a7a-10af-4af0-b4da-abc64cfd735a/resource/1f3ea7fa-d8c6-4054-937d-fcc76be81803/download/donnees_ouvertes_tb_20260820.csv · https://cdn-contenu.quebec.ca/cdn-contenu/adm/min/secretariat-du-conseil-du-tresor/publications-adm/budgets/2026-2027/6_plan_quebecois_infrastructures.pdf
"Centre hospitalier affilié universitaire (CHAU) de l'Outaouais, Gatineau",sante,Non publié,Non publié,,,,,,en planification,https://www.donneesquebec.ca/recherche/dataset/67d85a7a-10af-4af0-b4da-abc64cfd735a/resource/1f3ea7fa-d8c6-4054-937d-fcc76be81803/download/donnees_ouvertes_tb_20260820.csv · https://cdn-contenu.quebec.ca/cdn-contenu/adm/min/secretariat-du-conseil-du-tresor/publications-adm/budgets/2026-2027/6_plan_quebecois_infrastructures.pdf
8 000 logements sociaux et abordables,logement,"1,8 G$ sur 5 ans (novembre 2023)",Pas de source officielle trouvée,,,,,,bilan non publié,https://ici.radio-canada.ca/nouvelle/2024718/enonce-economique-quebec-automne-2023
Tramway Gatineau-Ottawa,transport,Non publié,Non publié,,,,,,à l'étude,https://www.donneesquebec.ca/recherche/dataset/67d85a7a-10af-4af0-b4da-abc64cfd735a/resource/1f3ea7fa-d8c6-4054-937d-fcc76be81803/download/donnees_ouvertes_tb_20260820.csv
Boulevard Taschereau et prolongement de la ligne jaune (Rive-Sud),transport,Non publié,Non publié,,,,,,à l'étude,https://www.donneesquebec.ca/recherche/dataset/67d85a7a-10af-4af0-b4da-abc64cfd735a/resource/1f3ea7fa-d8c6-4054-937d-fcc76be81803/download/donnees_ouvertes_tb_20260820.csv
Remplacement du tablier du pont de Québec,transport,Non publié,Non publié,,,,,,en planification,https://www.donneesquebec.ca/recherche/dataset/67d85a7a-10af-4af0-b4da-abc64cfd735a/resource/1f3ea7fa-d8c6-4054-937d-fcc76be81803/download/donnees_ouvertes_tb_20260820.csv
Échangeur Saint-Pierre (Montréal),transport,Non publié,Non publié,,,,,,en planification,https://www.donneesquebec.ca/recherche/dataset/67d85a7a-10af-4af0-b4da-abc64cfd735a/resource/1f3ea7fa-d8c6-4054-937d-fcc76be81803/download/donnees_ouvertes_tb_20260820.csv
