secteur,secteur_nom,indicateur,valeur,annee,unite,sens,tendance,comparaison,cible,source,url_source
sante,Santé et services sociaux,Durée moyenne de séjour sur civière aux urgences,16 h 48,2025-2026,heures,bas_mieux,"Hausse depuis la pandémie (≈15 h 12 pour avril 2019 à février 2020 ; 16 h 45 en 2021-2022 ; 17 h 12 en 2024-2025), puis légère baisse de 24 min en 2025-2026. Reste au-dessus du niveau d'avant la pandémie.",Pas de comparaison interprovinciale directe (définition propre au Québec). La norme clinique idéale citée par le MSSS est de 8 h (patients non admis) à 12 h (patients admis).,"Plan stratégique MSSS 2023-2027 : 15 h en 2025-2026 (non atteinte), 14 h en 2026-2027.",Ministère de la Santé,https://msss.gouv.qc.ca/repertoires/indicateurs-gestion/indicateur-000027/
sante,Santé et services sociaux,"Personnes ayant un fournisseur habituel de soins (médecin de famille, IPS, etc.)",74 %,2024,%,haut_mieux,"Toujours le plus bas des grandes provinces. Selon l'ancienne question de l'Enquête sur la santé dans les collectivités canadiennes : 72,2 % (2015) → 80,6 % (2020) → 78,7 % (2022). L'entente MSSS-FMOQ de 2025 a permis de prendre en charge 556 473 personnes de plus (fin mai 2026), en bonne partie par inscription collective à un GMF.","Ontario 88 %, moyenne canadienne 83 % (2024, ICIS).",Cible gouvernementale (entente MSSS-FMOQ) : 85 % de la population inscrite auprès d'un médecin de famille.,ici.radio-canada.ca,https://ici.radio-canada.ca/nouvelle/2201718/quebec-acces-fournisseur-soins-sante-faible
sante,Santé et services sociaux,Patients en attente d'une chirurgie depuis plus d'un an,3 822 (sur 126 209 demandes en attente),Période 4 de 2026-2027 (fin juillet 2026),demandes,bas_mieux,"Très forte hausse pendant la pandémie (2 645 en mars 2020 → 21 295 en mars 2022 ; les médias ont rapporté un sommet d'environ 22 000 en septembre 2022), puis baisse continue : 7 121 (mars 2025), 3 969 (mars 2026).",Pas de donnée comparable publiée pour l'Ontario ; niveau d'avant la pandémie (mars 2020) : 2 645.,Objectif du MSSS de revenir au seuil d'avant la pandémie (environ 2 500).,donneesquebec.ca,https://www.donneesquebec.ca/recherche/dataset/chirurgies-portrait-de-la-liste-d-attente
sante,Santé et services sociaux,Prothèses du genou faites dans le délai de référence,42 %,2025,%,haut_mieux,"Effondrement pendant la pandémie (72 % en 2019 → 31,7 % en 2022), remontée lente depuis (37,8 % en 2024, 42 % en 2025). Hanche : 76 % (2019) → 54 % (2025). Cataracte (16 semaines) : 82 % (2019) → 65 % (2025).","Ontario 82,1 %, Canada 62,8 % (2025). Le Québec est passé d'au-dessus de la moyenne canadienne en 2019 à nettement sous celle-ci.",Délai de référence pancanadien : 26 semaines. Aucun pourcentage cible officiel québécois trouvé.,Institut canadien d'information sur la santé,https://www.cihi.ca/sites/default/files/document/wait-times-priority-procedures-in-canada-2008-2025-data-tables-en.xlsx
sante,Santé et services sociaux,Espérance de vie à la naissance,"82,7 ans (2024, hommes et femmes) ; 2025 : 81,1 ans (hommes) et 84,4 ans (femmes)",2024-2025,ans,haut_mieux,Quasi stable depuis 2016 (rupture avec la hausse des décennies précédentes) ; baisse ponctuelle en 2020 et 2022.,"Canada 82,2 ans, Ontario 82,9 ans (2024, Statistique Canada). Le Québec dépasse la moyenne canadienne.",,Institut de la statistique du Québec,https://statistique.quebec.ca/fr/fichier/bilan-demographique-quebec-edition-2025.pdf
sante,Santé et services sociaux,Espérance de vie en bonne santé,"70,4 ans",2023,ans,haut_mieux,"71,1 ans (2019), 71,2 ans (2020), 70,4 ans (2023) : légère baisse.","Ontario 67,1 ans, Canada 66,9 ans (2023). Le Québec est nettement au-dessus.",,Statistique Canada,https://www150.statcan.gc.ca/t1/tbl1/fr/tv.action?pid=1310097101
sante,Santé et services sociaux,Dépenses totales de santé par habitant,9 320 $ (prévision),2025,$,,"Série provinciale non extraite pour cette fiche. En 2024, la dépense publique réelle par habitant a reculé au Canada (-1,4 %), la population ayant crû plus vite que les budgets.","Ontario 9 045 $ (le plus bas), Nouvelle-Écosse 11 617 $ (le plus haut). Le Québec est parmi les trois provinces qui dépensent le moins par habitant.",,Institut canadien d'information sur la santé,https://www.cihi.ca/en/national-health-expenditure-trends/nhex-trends-reports/nhex-trends-2025-snapshot
education,"Éducation (primaire, secondaire, cégep, université)",Taux de diplomation et de qualification au secondaire (après 7 ans),"82,7 %",2024-2025,%,haut_mieux,"Hausse d'environ 11 points depuis 2008-2009 ; première baisse en 16 ans en 2023-2024 (84,3 % → 82,4 %), puis stabilisation (82,7 %). Garçons 79,2 %, filles 86,2 %.",Pas de mesure identique publiée pour l'Ontario.,Politique de la réussite éducative (2017) : 90 % des moins de 20 ans avec un premier diplôme ou une qualification d'ici 2030 (et 85 % avec un diplôme).,Institut de la statistique du Québec,https://statistique.quebec.ca/vitrine/egalite/dimensions-egalite/education/diplomation-qualification-secondaire?onglet=ensemble-de-la-population
education,"Éducation (primaire, secondaire, cégep, université)",Taux de sorties sans diplôme ni qualification (décrochage),14 %,2023-2024,%,bas_mieux,"22 % en 1999-2000 ; 16 % (2021-2022), 15 % (2022-2023), 14 % (2023-2024). Écart garçons-filles : 5 points.",Pas de mesure identique publiée pour l'Ontario.,,Institut de la statistique du Québec,https://statistique.quebec.ca/vitrine/15-29-ans/theme/education/sorties-sans-diplome-ni-qualification-au-secondaire
education,"Éducation (primaire, secondaire, cégep, université)",Résultats PISA en mathématiques (élèves de 15 ans),514 points,2022,points,haut_mieux,"Baisse : 536 (2003), 536 (2012), 514 (2022). Lecture 2022 : 501 ; sciences : 512. Les résultats PISA 2025 n'étaient pas encore intégrés à cette fiche.","1er au Canada et 7e au monde en mathématiques. Ontario 495, Canada 497, moyenne OCDE 472.",,Gouvernement du Québec,https://cdn-contenu.quebec.ca/cdn-contenu/education/recherches/Resultats-pisa-2022.pdf
education,"Éducation (primaire, secondaire, cégep, université)",Enseignants non légalement qualifiés,"Environ 10 110 (avril 2026, écoles publiques)",2025-2026,enseignants,bas_mieux,Hausse : 9 184 en décembre 2024 (+38 % par rapport à mai 2023). Près de 6 % du personnel enseignant était en « tolérance d'engagement » en 2024-2025.,Pas de comparaison interprovinciale fiable trouvée.,,lapresse.ca,https://www.lapresse.ca/actualites/education/2026-08-26/rentree-scolaire/plus-d-argent-pour-la-qualification-d-enseignants.php
education,"Éducation (primaire, secondaire, cégep, université)",Diplomation au cégep (DEC préuniversitaire),36 % dans les 2 ans (cohorte de l'automne 2021) ; 72 % après 4 ans (cohorte 2019),cohorte 2021,%,haut_mieux,Baisse depuis 15 ans : 43 % pour la cohorte 2005. L'écart femmes-hommes se réduit (38 % c. 33 %).,Aucune (le cégep n'existe qu'au Québec).,,Institut de la statistique du Québec,https://statistique.quebec.ca/vitrine/15-29-ans/theme/education/obtention-sanction-etudes-collegiales-formation-preuniversitaire
education,"Éducation (primaire, secondaire, cégep, université)",Adultes de 25 à 64 ans titulaires d'un grade universitaire,"29,5 %",2021 (recensement),%,haut_mieux,Hausse continue depuis des décennies (une personne sur dix en 1990).,"Moyenne canadienne 32,9 % ; le Québec est sous l'Ontario, l'Alberta et la Colombie-Britannique.",,Institut de la statistique du Québec,https://statistique.quebec.ca/fr/fichier/titulaires-grade-universitaire-quebec-2021.pdf
education,"Éducation (primaire, secondaire, cégep, université)","Dépense globale par élève (préscolaire, primaire, secondaire)",13 987 $,2017-2018 (plus récente valeur publiée sur la page du ministère),$,,"+12,3 % entre 2013-2014 (12 460 $) et 2017-2018.","Ontario 14 254 $, Canada 14 253 $ ; mais une fois ajustée au coût de la vie, la dépense québécoise est la plus élevée (Ontario 12 087 $, Canada 12 956 $ en dollars ajustés).",,Gouvernement du Québec,https://www.quebec.ca/education/indicateurs-statistiques/prescolaire-primaire-secondaire/depense-globale-eleve
famille,"Famille, aînés et solidarité sociale","Taux de pauvreté (Mesure du panier de consommation, MPC)","7,0 %",2024,%,bas_mieux,"Forte baisse de 2015 (13,5 %) à 2020 (4,8 %, effet des aides d'urgence de la pandémie), remontée ensuite (7,5 % en 2023), puis 7,0 % en 2024.","Ontario 12,5 %, Canada 11,0 % (2024) : le Québec a le taux le plus bas au pays.","Cible fédérale (Stratégie canadienne de réduction de la pauvreté) : réduire la pauvreté de 50 % d'ici 2030 par rapport à 2015. La loi québécoise (2002) vise à placer le Québec parmi les nations industrialisées comptant le moins de personnes pauvres, sans taux chiffré.",Statistique Canada,https://www150.statcan.gc.ca/t1/tbl1/fr/tv.action?pid=1110013501
famille,"Famille, aînés et solidarité sociale",Taux de pauvreté des enfants (MPC),"5,8 %",2024,%,bas_mieux,"5,3 % (2022) → 6,3 % (2023) → 5,8 % (2024), selon la base 2023.","Ontario 13,2 %, Canada 11,5 % (2024).",Même cible fédérale (-50 % d'ici 2030 par rapport à 2015).,Statistique Canada,https://www150.statcan.gc.ca/t1/tbl1/fr/tv.action?pid=1110013501
famille,"Famille, aînés et solidarité sociale",Taux de pauvreté des aînés de 65 ans et plus (MPC),"3,2 %",2024,%,bas_mieux,"3,3 % (2022) → 3,8 % (2023) → 3,2 % (2024), base 2023.","Ontario 6,3 %, Canada 5,4 % (2024).",,Statistique Canada,https://www150.statcan.gc.ca/t1/tbl1/fr/tv.action?pid=1110013501
famille,"Famille, aînés et solidarité sociale",Insécurité alimentaire,"18,0 %",2024,%,bas_mieux,"Hausse marquée : 11,0 % (2019) → 19,9 % (2023), légère baisse à 18,0 % en 2024.","Ontario 25,4 %, Canada 24,0 % (2024).",,Statistique Canada,https://www150.statcan.gc.ca/t1/tbl1/fr/tv.action?pid=1310083401
famille,"Famille, aînés et solidarité sociale",Enfants de 0 à 5 ans qui fréquentent un service de garde,"76,7 %",2025,%,haut_mieux,"78,2 % (2019), 71,3 % (2022), 76,7 % (2025).","Ontario 49,8 %, Canada 57,7 % (2025).",Grand chantier pour les familles (2021) : compléter le réseau pour offrir une place à chaque enfant qui en a besoin.,Statistique Canada,https://www150.statcan.gc.ca/t1/tbl1/fr/tv.action?pid=4210010301
famille,"Famille, aînés et solidarité sociale",Enfants en attente d'une place en service de garde,30 688,31 mai 2025 (dernière donnée publiée),enfants,bas_mieux,Pas de série comparable : le mode de calcul a changé avec le nouveau portail d'inscription. En incluant les besoins futurs : 59 675 enfants.,Pas de comparaison interprovinciale équivalente.,"Grand chantier : une place pour chaque enfant (le réseau comptait environ 318 000 places au 30 juin 2026, dont 10 768 en réalisation).",Gouvernement du Québec,https://www.quebec.ca/gouvernement/politiques-orientations/plan-action-reseau-services-garde/statistiques
famille,"Famille, aînés et solidarité sociale",Parents ayant eu de la difficulté à trouver une place,"39,5 %",2025,%,bas_mieux,"30,5 % (2019) → 43,8 % (2023) → 39,5 % (2025).","Ontario 52,4 %, Canada 49,7 % (2025).",,Statistique Canada,https://www150.statcan.gc.ca/t1/tbl1/fr/tv.action?pid=4210000101
famille,"Famille, aînés et solidarité sociale",Personnes à l'assistance sociale,327 123 personnes,juillet 2026,personnes,bas_mieux,"350 467 (juillet 2024) → 340 459 (juillet 2025) → 327 123 (juillet 2026). Taux chez les 18-29 ans : 3,9 % en 2025 (7 % en 2001).",Pas de comparaison directe (programmes différents d'une province à l'autre).,,donneesquebec.ca,https://www.donneesquebec.ca/recherche/dataset/01_clientele-aux-programmes-d-assistance-sociale
logement,Logement et habitation,"Taux d'inoccupation des logements locatifs, région de Montréal","3,3 %",octobre 2025,%,,"Creux de 1,6 % en 2019, remontée à 3,5 % en 2021, rechute à 1,9 % en 2023, puis 2,5 % (2024) et 3,3 % (2025).","Toronto 3,0 %, Québec (RMR) 2,6 %, Gatineau 4,6 % (2025).",,Statistique Canada,https://www150.statcan.gc.ca/t1/tbl1/fr/tv.action?pid=3410012701
logement,Logement et habitation,"Taux d'inoccupation, région de Québec","2,6 %",octobre 2025,%,,"5,4 % (2016) → 0,9 % (2023, creux) → 2,6 % (2025).","Montréal 3,3 %, Toronto 3,0 % (2025).",,Statistique Canada,https://www150.statcan.gc.ca/t1/tbl1/fr/tv.action?pid=3410012701
logement,Logement et habitation,"Loyer moyen d'un logement de 2 chambres, région de Montréal",1 346 $,octobre 2025,$,bas_mieux,"Hausse de 77 % en 10 ans (760 $ en 2015), et de 44 % depuis 2021 (932 $).","Toronto 2 045 $, Québec (RMR) 1 276 $ (2025).",,Statistique Canada,https://www150.statcan.gc.ca/t1/tbl1/fr/tv.action?pid=3410013301
logement,Logement et habitation,Mises en chantier de logements,59 864,2025,logements,haut_mieux,"Sommet de 67 810 en 2021, creux de 38 912 en 2023, reprise en 2024 (48 713) et 2025 (59 864).","Ontario 65 376, Canada 259 028 (2025). Rapporté à la population, le Québec (environ 9 millions d'habitants) a construit davantage que l'Ontario en 2025.",,Statistique Canada,https://www150.statcan.gc.ca/t1/tbl1/fr/tv.action?pid=3410012601
logement,Logement et habitation,Ménages qui consacrent 30 % ou plus de leur revenu au logement,"16,0 % de tous les ménages ; 25,0 % des ménages locataires",2021 (recensement),%,bas_mieux,Pas de série comparable calculée ici ; le recensement de 2026 donnera une mise à jour.,"Ontario 24,1 % (locataires 38,1 %), Canada 20,9 % (locataires 32,9 %).",,Statistique Canada,https://www150.statcan.gc.ca/t1/tbl1/fr/tv.action?pid=9810024701
logement,Logement et habitation,Ménages en besoin impérieux de logement,"6,0 % des ménages (11,9 % des locataires)",2021 (recensement),%,bas_mieux,Pas de série calculée ici.,"Ontario 12,1 %, Canada 10,1 %.",,Statistique Canada,https://www150.statcan.gc.ca/t1/tbl1/fr/tv.action?pid=9810024701
justice,Justice et sécurité publique,Indice de gravité de la criminalité (IGC),"61,6",2025,indice,bas_mieux,"Stable autour de 56-58 de 2015 à 2019, hausse jusqu'à 64,8 en 2024, baisse à 61,6 en 2025.","Ontario 57,2, Canada 75,0 (2025).",,Statistique Canada,https://www150.statcan.gc.ca/t1/tbl1/fr/tv.action?pid=3510002601
justice,Justice et sécurité publique,Indice de gravité des crimes violents,"98,0",2025,indice,bas_mieux,"Forte hausse : 66,5 (2015) → 98,9 (2024), quasi stable en 2025 (98,0). Le Québec a rejoint la moyenne canadienne.","Ontario 74,9, Canada 97,2 (2025).",,Statistique Canada,https://www150.statcan.gc.ca/t1/tbl1/fr/tv.action?pid=3510002601
justice,Justice et sécurité publique,Taux d'homicides,"0,97 par 100 000",2025,par 100 000,bas_mieux,"Entre 0,8 et 1,3 depuis 2015 ; sommet de 1,29 en 2022.","Ontario 1,27, Canada 1,61 (2025) : le Québec est parmi les plus bas au pays.",,Statistique Canada,https://www150.statcan.gc.ca/t1/tbl1/fr/tv.action?pid=3510006801
justice,Justice et sécurité publique,Taux de classement pondéré des crimes,"45,6 %",2025,%,haut_mieux,"Entre 41,7 % (2015) et 45,6 % (2025), le plus haut de la décennie. Crimes violents : 62,4 %.","Ontario 39,8 %, Canada 36,6 % (2025).",,Statistique Canada,https://www150.statcan.gc.ca/t1/tbl1/fr/tv.action?pid=3510002601
justice,Justice et sécurité publique,Délai médian de traitement des causes criminelles (adultes),217 jours,2020-2021 (dernière année publiée pour le Québec),jours,bas_mieux,"Baisse de 217 jours (2013-2014) à 132 jours (2019-2020), après l'arrêt Jordan (2016) qui fixe des plafonds (18 mois en cour provinciale, 30 mois en cour supérieure), puis remontée pendant la pandémie. Statistique Canada ne publie plus de données pour le Québec depuis 2021-2022.","Canada 189 jours, Ontario 202 jours (2023-2024).","Plafonds constitutionnels de l'arrêt Jordan (Cour suprême, 2016).",Statistique Canada,https://www150.statcan.gc.ca/t1/tbl1/fr/tv.action?pid=3510002901
justice,Justice et sécurité publique,Taux d'incarcération dans les prisons provinciales,"67,8 par 100 000",2023-2024,par 100 000 adultes,,"Baisse de 77,4 (2014-2015) à 51,9 (2020-2021), puis remontée à 67,8.","Ontario 73,3 (2023-2024).",,Statistique Canada,https://www150.statcan.gc.ca/t1/tbl1/fr/tv.action?pid=3510015401
culture,"Langue, culture et identité","Français, langue parlée le plus souvent à la maison","79,1 %",2021 (recensement),%,haut_mieux,"Baisse lente et continue : 83,1 % (2001), 81,2 % (2011), 80,6 % (2016), 79,1 % (2021). L'anglais monte à 11,7 % et les autres langues à 9,1 %.",Pas de comparaison pertinente avec les autres provinces ; la comparaison utile est dans le temps.,,Statistique Canada,https://www150.statcan.gc.ca/t1/tbl1/fr/tv.action?pid=1510003301
culture,"Langue, culture et identité",Capacité de soutenir une conversation en français,"93,7 %",2021 (recensement),%,haut_mieux,"Très stable : 93,9 % (1996), 94,6 % (2001), 94,5 % (2016), 93,7 % (2021). Mais la part qui connaît le français seulement recule (56,1 % → 47,3 %) au profit du bilinguisme (37,8 % → 46,4 %).",Aucune.,,Statistique Canada,https://www150.statcan.gc.ca/t1/tbl1/fr/tv.action?pid=1510000401
culture,"Langue, culture et identité",Première langue officielle parlée : français,"84,1 %",2021 (recensement),%,haut_mieux,"Stable autour de 85-86 % de 1996 à 2016, recul à 84,1 % en 2021 ; l'anglais passe de 13,7 % à 14,9 %.",Aucune.,,Statistique Canada,https://www150.statcan.gc.ca/t1/tbl1/fr/tv.action?pid=1510003201
culture,"Langue, culture et identité","Français, langue utilisée le plus souvent au travail","79,5 % (85,0 % en incluant ceux qui utilisent français et anglais à égalité)",2021 (recensement),%,haut_mieux,"Série non calculée ici (tableau 2021 seulement). L'anglais est la langue principale de travail pour 14,1 % des travailleurs.",Aucune.,"La Charte de la langue française fait du français la langue normale et habituelle du travail, sans pourcentage cible.",Statistique Canada,https://www150.statcan.gc.ca/t1/tbl1/fr/tv.action?pid=9810051901
culture,"Langue, culture et identité",Poids du secteur culturel dans l'économie,"2,33 % (14,4 G$)",2024,% du PIB,,"2,77 % (2015) → 2,34 % (2020) → 2,33 % (2024) : la culture croît moins vite que l'économie. Emplois culturels : 166 445 en 2024 (151 869 en 2015).","Ontario 2,49 %, Canada 2,16 % (2024).",,Statistique Canada,https://www150.statcan.gc.ca/t1/tbl1/fr/tv.action?pid=3610045201
economie,"Économie, emploi et productivité",PIB réel par habitant (niveau de vie),53 812 $ par habitant (dollars enchaînés de 2017),2024,$ enchaînés 2017 par habitant,haut_mieux,"+0,9 %/an en moyenne depuis 2009; léger recul en 2023 et 2024 (−0,3 % en 2024). Selon le ministère des Finances, +4,8 % de 2018 à 2025.","Canada : 59 529 $ (2024). De 2018 à 2025 : Québec +4,8 %, Ontario +0,3 %, reste du Canada +0,2 %.",Objectif gouvernemental : réduire l'écart de richesse avec l'Ontario (rapport préélectoral 2026).,Institut de la statistique du Québec,https://statistique.quebec.ca/en/produit/publication/indicateurs-progres-produit-interieur-brut-reel-par-habitant
economie,"Économie, emploi et productivité",Écart de PIB par habitant avec l'Ontario,"9,7 % (estimation)",2025,% d'écart,bas_mieux,"Écart réduit de 13,7 % (2018) à 9,2 % (2024), puis légère remontée en 2025.","Exclure les résidents non permanents réduit l'écart : 11,9 % (vs 15,1 % en 2015) selon Desjardins.","Réduire l'écart de richesse avec l'Ontario (objectif du plan de retour à l'équilibre, rapport préélectoral 2026); aucune cible chiffrée confirmée dans les documents consultés.",desjardins.com,https://www.desjardins.com/fr/epargne-placements/etudes-economiques/quebec-ontario-rattrapage-economique-6-fevrier-2026.html
economie,"Économie, emploi et productivité",Productivité du travail (PIB par heure travaillée),"82,18 $ par heure (dollars canadiens de 2024, parité de pouvoir d'achat)",2024,$ CA 2024 PPA par heure,haut_mieux,"Croissance d'environ 1 %/an en moyenne sur plus de 40 ans. Croissance du PIB réel par emploi : +2,9 % (2021), +1,4 % (2022), −2,2 % (2023), +0,7 % (2024), −1,1 % (2025).","Canada : 86,58 $; moyenne OCDE19 : 104,37 $ (environ 22 $ de plus par heure). De 2015 à 2024 : Québec +10,2 %, Ontario +4,0 % (Desjardins).",,Centre sur la productivité et la prospérité (HEC),https://cpp.hec.ca/wp-content/uploads/2026/05/PP-2026-01.pdf
economie,"Économie, emploi et productivité",Taux d'emploi des 25 à 64 ans,"80,7 %",2025,%,haut_mieux,"Forte hausse depuis 2010 (73,6 %); stable en 2025 (80,5 % en 2024).","Reste du Canada : 78,3 % (2025). Le Québec dépasse le reste du Canada depuis 2018.",,Institut de la statistique du Québec,https://statistique.quebec.ca/en/produit/publication/indicateurs-progres-taux-emploi
economie,"Économie, emploi et productivité",Taux de chômage,"5,6 %",août 2026,%,bas_mieux,"Moyenne annuelle : 5,3 % (2024), 5,6 % (2025). Emploi en baisse de 54 000 (−1,2 %) sur 12 mois en août 2026 : le Québec est la seule province en recul.","Ontario : 6,9 %; Canada : 6,4 % (août 2026).","Prévision du ministère des Finances : 5,6 % en 2026, 4,9 % en 2027.",Statistique Canada,https://www150.statcan.gc.ca/n1/daily-quotidien/260904/dq260904a-fra.htm
economie,"Économie, emploi et productivité",Revenu disponible par habitant,38 400 $ (dollars courants),2024,$ courants par habitant,haut_mieux,"+4,9 % en 2024 en dollars courants, +2,2 % après inflation. En termes réels : +10,3 % de 2018 à 2024.","Hausse réelle 2018-2024 : Ontario +2,8 %, reste du Canada +4,3 %.",,Institut de la statistique du Québec,https://statistique.quebec.ca/fr/communique/revenu-disponible-par-habitant-croissance-accelere-dans-presque-toutes-les-regions-quebec-2024
economie,"Économie, emploi et productivité",Dépendance commerciale envers les États-Unis,"69,8 % (84,8 G$ sur 121,6 G$)",2025,% des exportations,bas_mieux,"73,6 % (2023), 73,3 % (2024), 69,8 % (2025) : première fois sous 70 % depuis 2020. Exportations vers les É.-U. : −6,9 % en 2025; vers les autres pays : en hausse.","Taux tarifaire effectif moyen américain en avril 2026 : 7,7 % pour le Québec contre 3,6 % pour le Canada (poids de l'aluminium, du bois d'œuvre, du manufacturier).",,Institut de la statistique du Québec,https://statistique.quebec.ca/en/produit/publication/commerce-international-marchandises-et-balance-commerciale-2025
economie,"Économie, emploi et productivité",Investissement privé par emploi,11 455 $ de moins par emploi que la moyenne OCDE19,2022,$ par emploi (écart avec OCDE19),haut_mieux,"Écart d'environ 9 500 $ par emploi au début des années 2000, qui s'est creusé. Investissement non résidentiel des entreprises : −0,8 % (2025), +0,2 % prévu en 2026.","Machines, matériel et propriété intellectuelle : 9 862 $ par emploi au Québec, environ le tiers de la Belgique et de la Suède.",,Centre sur la productivité et la prospérité (HEC),https://cpp.hec.ca/wp-content/uploads/2026/05/PP-2026-01.pdf
finances,Finances publiques,Solde budgétaire (au sens de la loi),"−7,7 G$ (1,2 % du PIB)",2026-2027 (prévision),G$,haut_mieux,"−7,8 G$ en 2025-2026 (réel), −5,7 G$ prévu en 2027-2028, retour à l'équilibre prévu en 2029-2030.",Une seule province affiche un déficit comptable plus faible en % du PIB en 2025-2026 (selon le ministère des Finances).,"Équilibre budgétaire en 2029-2030 (Loi sur l'équilibre budgétaire, plan de mars 2025). Écarts à résorber non encore identifiés : 1,9 G$ (2028-2029) et 2,0 G$ (2029-2030).",Gouvernement du Québec,https://cdn-contenu.quebec.ca/cdn-contenu/adm/min/finances/publications-adm/Rapport_preelectoral/FR/MINFR_RP_2026.pdf
finances,Finances publiques,Déficit comptable,"−5,2 G$ (0,8 % du PIB)",2026-2027 (prévision),G$,haut_mieux,"−5,5 G$ en 2025-2026 (réel, amélioration de 2,2 G$ par rapport au budget); surplus prévu dès 2029-2030.",N/D,Voir solde budgétaire.,Gouvernement du Québec,https://cdn-contenu.quebec.ca/cdn-contenu/adm/min/finances/publications-adm/Rapport_preelectoral/FR/MINFR_RP_2026.pdf
finances,Finances publiques,Dette nette en % du PIB,"38,1 % du PIB (245,9 G$)",31 mars 2026,% du PIB,bas_mieux,"Sommet de 53,4 % en 2014, 42,9 % en 2019, 37,5 % en 2023, puis légère remontée; 36,0 % prévu en 2031.","Au 31 mars 2026 (prévisions de mars 2026) : Ontario 36,9 %, moyenne des provinces 30,4 %, fédéral 46,0 %.","35,5 % du PIB en 2032-2033 et 32,5 % en 2037-2038 (plafonds légaux : 38 % et 35 %).",Gouvernement du Québec,https://cdn-contenu.quebec.ca/cdn-contenu/adm/min/finances/publications-adm/Rapport_preelectoral/FR/MINFR_RP_2026.pdf
finances,Finances publiques,Service de la dette en % des revenus,"6,2 % (10,5 G$)",2026-2027 (prévision),% des revenus,bas_mieux,"11,4 % en 2013-2014, 7,7 % en 2018-2019; remontée prévue à 6,5 % en 2029-2030. C'est le 4e poste de dépenses après la santé, l'éducation et l'enseignement supérieur.",N/D pour l'Ontario dans les documents consultés.,Maintenir à des niveaux « historiquement bas » (pas de cible chiffrée).,Ministère des Finances du Québec,https://www.finances.gouv.qc.ca/Budget_et_mise_a_jour/budget/documents/Budget2627_PlanBudgetaire.pdf
finances,Finances publiques,Fonds des générations,"16,6 G$ (6,8 % de la dette nette)",31 mars 2026,G$,haut_mieux,"Versements de 2,3 G$ (2025-2026) à 2,9 G$ (2030-2031); solde prévu de 29,4 G$ au 31 mars 2031.","Outil propre au Québec, pas d'équivalent en Ontario.",Atteinte des cibles de dette 2032-2033 et 2037-2038.,Gouvernement du Québec,https://cdn-contenu.quebec.ca/cdn-contenu/adm/min/finances/publications-adm/Rapport_preelectoral/FR/MINFR_RP_2026.pdf
finances,Finances publiques,Dette brute en % du PIB,"41,1 % du PIB (265,5 G$)",31 mars 2026,% du PIB,bas_mieux,"Prévue à 42,0 % en 2027, puis 41,5 % en 2031 (les investissements en infrastructures font monter la dette brute).",N/D,,Gouvernement du Québec,https://cdn-contenu.quebec.ca/cdn-contenu/adm/min/finances/publications-adm/Rapport_preelectoral/FR/MINFR_RP_2026.pdf
finances,Finances publiques,Cote de crédit,"Moody's Aa2, S&P Global A+, Fitch AA−, Morningstar DBRS AA (low), JCR AAA — toutes avec perspective stable",6 mars 2026,cote,,Le budget 2026-2027 signale que le Québec a subi une « décision défavorable » d'une agence de notation au cours de la dernière année (agence non nommée dans l'extrait consulté).,Moody's note mieux le Québec que l'Ontario; S&P et DBRS notent mieux l'Ontario; Fitch donne la même cote aux deux.,Respect du plan de retour à l'équilibre jugé « essentiel pour soutenir la cote ».,Ministère des Finances du Québec,https://www.finances.gouv.qc.ca/Budget_et_mise_a_jour/budget/documents/Budget2627_PlanBudgetaire.pdf
finances,Finances publiques,Revenus et dépenses en % du PIB,"Revenus 25,2 %; dépenses 25,7 % du PIB",2026-2027,% du PIB (dépenses),,"Revenus : 26,1 % en 2018-2019 → 25,2 %. Dépenses : 24,4 % → 25,7 %. Retour visé à 24,4 % en 2029-2030.",N/D,"Dépenses à 24,4 % du PIB en 2029-2030 (plan de retour à l'équilibre).",Gouvernement du Québec,https://cdn-contenu.quebec.ca/cdn-contenu/adm/min/finances/publications-adm/Rapport_preelectoral/FR/MINFR_RP_2026.pdf
energie,Énergie et environnement,Émissions de gaz à effet de serre (GES),"78,0 Mt éq. CO2 (8,8 t par habitant)",2023,Mt éq. CO2,bas_mieux,"−8,5 % depuis 1990 (85,2 Mt); −1,4 % par rapport à 2022; plus bas niveau de la série hors pandémie.","Le Québec émet 11,3 % des GES canadiens (693,9 Mt en 2023) alors qu'il compte environ 22 % de la population canadienne (calcul approximatif).","−37,5 % sous 1990 (soit environ 53,3 Mt) : cible reportée de 2030 à 2035 (annonce du 22 janvier 2026).",Ministère de l'Environnement,https://www.environnement.gouv.qc.ca/changements/ges/2023/inventaire-ges-1990-2023.pdf
energie,Énergie et environnement,Part du transport dans les émissions,"44,8 % (34,9 Mt); le transport routier seul : 33,4 % du total",2023,% des émissions,bas_mieux,"Émissions du transport : +27,7 % depuis 1990 (27,3 Mt en 1990).","Industrie : 31,7 %; agriculture : 9,9 %; bâtiments : 7,9 %.",,Ministère de l'Environnement,https://www.environnement.gouv.qc.ca/changements/ges/2023/inventaire-ges-1990-2023.pdf
energie,Énergie et environnement,Prix du carbone (marché Québec-Californie),"45,11 $ CA par tonne (unités de l'année courante)",Vente aux enchères du 19 août 2026,$ CA/t,,"Revenus pour le Québec : environ 312 M$ à cette vente, versés au Fonds d'électrification et de changements climatiques.",N/D,,Ministère de l'Environnement,https://www.environnement.gouv.qc.ca/changements/carbone/ventes-encheres/avis-resultats.htm
energie,Énergie et environnement,Résultat d'Hydro-Québec et contribution à l'État,"Bénéfice net 2,9 G$; dividende 2,2 G$; contribution totale aux revenus de l'État 4,4 G$",2025,G$ (bénéfice net),haut_mieux,"Bénéfice en hausse de 243 M$ (+9 %) sur 2024, gonflé par la vente d'une participation dans Innergex (256 M$). Premier semestre 2026 : 2,02 G$, en baisse de 257 M$.",N/D,,Hydro-Québec,https://www.hydroquebec.com/data/documents-donnees/pdf/hq-rapport-annuel-2025-francais.pdf
energie,Énergie et environnement,Solde des échanges d'électricité (exportations − importations),"Ventes hors Québec 11,8 TWh; achats 15,2 TWh : importateur net d'environ 3,4 TWh (calcul)",2025,TWh (solde),haut_mieux,"2024 : ventes 15,1 TWh, achats 9,4 TWh. Faible hydraulicité depuis 2023. Ventes au Québec record : 184,9 TWh (2025).","Prix moyen des ventes hors Québec : 14,5 ¢/kWh en 2025 (9,9 ¢ en 2024).",Plan d'action 2035 : 135 à 160 G$ d'investissements 2024-2035 pour augmenter la production.,Hydro-Québec,https://www.hydroquebec.com/data/documents-donnees/pdf/hq-rapport-annuel-2025-francais.pdf
energie,Énergie et environnement,Tarif résidentiel d'électricité,"8,29 ¢/kWh",2025,¢/kWh,bas_mieux,N/D sur 10 ans dans le document consulté.,Présenté par Hydro-Québec comme le plus bas en Amérique du Nord.,,Hydro-Québec,https://www.hydroquebec.com/data/documents-donnees/pdf/hq-rapport-annuel-2025-francais.pdf
energie,Énergie et environnement,Territoire protégé,"16,53 % (275 743 km²)",31 mars 2026,% du territoire,haut_mieux,"Environ 200 000 km² supplémentaires à protéger d'ici 2030. Dans les Basses-terres du Saint-Laurent (sud habité) : 4,66 % seulement.",N/D,"30 % en 2030 (engagement de la COP15, 2022).",Institut de la statistique du Québec,https://statistique.quebec.ca/vitrine/developpement-durable/strategie-2023-2028/nature-et-sante/territoires-proteges-conserves
agriculture,"Agriculture, pêches et alimentation",Revenu agricole net réalisé,"318,9 M$ (données provisoires)",2025,M$,haut_mieux,"Effondrement en 2024 : 90,0 M$ (−81,7 %, données révisées de novembre 2025). Rebond de +305 % en 2025, porté par l'élevage (recettes +6,6 %) et des dépenses stables (+0,4 %).","Ontario : 2 004,1 M$ (2025); Canada : 8,3 G$ (2025).",,Statistique Canada,https://www150.statcan.gc.ca/n1/daily-quotidien/260527/dq260527b-eng.htm
agriculture,"Agriculture, pêches et alimentation",Recettes monétaires agricoles,"13,5 G$ (13 543,1 M$)",2025,M$,haut_mieux,"+4,5 % en 2025.","Ontario : 24,1 G$ (+8,0 %).",,Statistique Canada,https://www150.statcan.gc.ca/n1/daily-quotidien/260527/dq260527b-eng.htm
agriculture,"Agriculture, pêches et alimentation",Hausse de la valeur des terres agricoles,"+4,8 %",2025,% de hausse annuelle,,"+13,3 % (2023), +7,7 % (2024), +4,8 % (2025) : ralentissement. Laurentides-Lanaudière : 24 000 $/acre en moyenne; Montérégie : 23 200 $/acre.",N/D (moyenne canadienne 2025 non extraite),,newswire.ca,https://www.newswire.ca/fr/news-releases/la-valeur-des-terres-agricoles-au-canada-a-poursuivi-sa-progression-en-2025-selon-un-rapport-de-fac-878070251.html
agriculture,"Agriculture, pêches et alimentation",Taux de renouvellement des générations agricoles,30 %,2021 (Recensement de l'agriculture),%,haut_mieux,"38 % en 2016 → 30 % en 2021. Âge moyen de la relève établie : 33,2 ans (34,2 en 2016). 20 % des fermes québécoises ont une relève.",Canada : 24 % (le Québec est au 1er rang). Fermes avec relève : Ontario 17 %.,,Gouvernement du Québec,https://cdn-contenu.quebec.ca/cdn-contenu/adm/min/agriculture-pecheries-alimentation/agriculture/devenir-agriculteur/ED_portrait_releve_agricole_MAPAQ.pdf
agriculture,"Agriculture, pêches et alimentation",Autosuffisance alimentaire (approximative),"Environ 51 % (déclaration du ministre de l'Agriculture, vers 2020)",vers 2020,%,haut_mieux,"Varie énormément selon les produits : autosuffisant en lait, œufs, volaille; excédentaire en porc, sirop d'érable, canneberge; environ 34 % pour les fruits et légumes.",N/D,Hausse visée à 55-56 % si les objectifs d'achat local sont atteints (selon les mêmes sources).,ledevoir.com,https://www.ledevoir.com/politique/quebec/590083/le-gouvernement-veut-voir-l-autonomie-alimentaire-du-quebec-grimper
agriculture,"Agriculture, pêches et alimentation",Contenu québécois des achats alimentaires,"34,4 G$",2022,G$,haut_mieux,Cible de +10 G$ (Politique bioalimentaire 2018-2025) atteinte trois ans en avance.,N/D,+10 G$ de contenu québécois d'ici 2025 (atteinte).,Gouvernement du Québec,https://www.quebec.ca/gouvernement/politiques-orientations/politique-bioalimentaire
agriculture,"Agriculture, pêches et alimentation",Exportations bioalimentaires internationales,"13,5 G$ (estimation)",2025,G$,haut_mieux,"+6,4 % en 2025 (+800 M$), dont préparations de cacao (+500 M$), érable-miel-sucre (+160 M$). Les exportations vers les É.-U. augmentent pour une 7e année.",N/D,,Gouvernement du Québec,https://cdn-contenu.quebec.ca/cdn-contenu/adm/min/agriculture-pecheries-alimentation/publications-adm/bulletins/Bioalimentaire-economique/BU_Bioalimentaire_economique_Apercu_2025-2026_MAPAQ.pdf
agriculture,"Agriculture, pêches et alimentation",Pêches maritimes : volumes et concentration,Homard et crabe des neiges : plus de 95 % de la valeur des débarquements,2024,% de la valeur (homard + crabe),bas_mieux,"2015-2024 : volumes −46,3 %, valeur +38,1 %; crevette nordique : −97 % en volume. Record de 119 M$ pour le homard aux Îles-de-la-Madeleine en 2025.",N/D,,ici.radio-canada.ca,https://ici.radio-canada.ca/nouvelle/2256052/productivite-pecheurs-baisse-declin-capture-quebec
transport,Transport et infrastructures,Déficit de maintien d'actifs (DMA) des infrastructures publiques,"44,8 G$ (9,7 % de la valeur de remplacement)",mars 2026,G$,bas_mieux,"+4,6 G$ en un an (40,2 G$ en 2025). 63 % du DMA est pris en charge par le PQI 2026-2036 (58 % au PQI précédent).",N/D,,Gouvernement du Québec,https://cdn-contenu.quebec.ca/cdn-contenu/adm/min/secretariat-du-conseil-du-tresor/publications-adm/budgets/2026-2027/6_plan_quebecois_infrastructures.pdf
transport,Transport et infrastructures,DMA du réseau routier,"24,5 G$ (55 % du DMA total)",mars 2026,G$,bas_mieux,"22,5 G$ en 2025; 19,3 G$ en 2022. Seulement 43 % du DMA routier est pris en charge d'ici 2036.","Éducation : 9,8 G$ (94 % pris en charge).",,Gouvernement du Québec,https://cdn-contenu.quebec.ca/cdn-contenu/adm/min/secretariat-du-conseil-du-tresor/publications-adm/budgets/2026-2027/6_plan_quebecois_infrastructures.pdf
transport,Transport et infrastructures,Chaussées en bon état,"51 % (19 % en mauvais état, 30 % en très mauvais état)",2026-2027 (inventaire mars 2026),%,haut_mieux,52 % l'année précédente; environ 50 % en 2022-2023.,Structures du MTMD : 57 % en bon état; ponceaux : 85 %.,,Gouvernement du Québec,https://cdn-contenu.quebec.ca/cdn-contenu/adm/min/secretariat-du-conseil-du-tresor/publications-adm/budgets/2026-2027/6_plan_quebecois_infrastructures.pdf
transport,Transport et infrastructures,Infrastructures publiques en bon état,54 %,2026-2027,%,haut_mieux,58 % au bilan précédent (2025-2026).,Cégeps : 35 %; organismes scolaires : 47 %; réseau routier : 56 %.,,Gouvernement du Québec,https://cdn-contenu.quebec.ca/cdn-contenu/adm/min/secretariat-du-conseil-du-tresor/publications-adm/budgets/2026-2027/6_plan_quebecois_infrastructures.pdf
transport,Transport et infrastructures,Investissements annuels dans le réseau routier,"4,1 G$",2025-2026,G$,,"2,2 G$ en 2018-2019 (+86 %).","Transport collectif : 2,8 G$ en 2025-2026 (0,7 G$ en 2018-2019).",,Gouvernement du Québec,https://cdn-contenu.quebec.ca/cdn-contenu/adm/min/secretariat-du-conseil-du-tresor/publications-adm/budgets/2026-2027/6_plan_quebecois_infrastructures.pdf
transport,Transport et infrastructures,Achalandage de la STM,"293,9 millions de déplacements",2025,millions de déplacements,haut_mieux,"−6,6 % par rapport à 2024 (grèves, baisse du nombre d'étudiants étrangers). Niveau par rapport à 2019 : N/D dans la source consultée.",N/D,,STM,https://www.stm.info/fr/presse/communiques/2026/rapport-d-activite-2025---la-stm-prend-les-moyens-necessaires-pour-proteger-sa-mission
transport,Transport et infrastructures,DMA des infrastructures municipales,Plus de 50 G$ (estimation de l'Union des municipalités du Québec),septembre 2026,G$ (au moins),bas_mieux,N/D,N/D,L'UMQ demande un fonds permanent dédié au maintien des infrastructures.,newswire.ca,https://www.newswire.ca/fr/news-releases/sondage-leger-la-majorite-des-quebecois-a-peur-de-manquer-d-eau-l-umq-demande-un-fonds-dedie-au-maintien-des-infrastructures-883796450.html
regions,Régions et territoire,Croissance démographique par région,"De +15,7 ‰ (Lanaudière) à −0,8 ‰ (Gaspésie–Îles-de-la-Madeleine)",1er juillet 2024 au 1er juillet 2025,‰ (région la plus forte),,"Ralentissement partout : Montréal passe de +33,7 ‰ (2023-2024) à +2,6 ‰. 15 régions sur 17 ont crû; Gaspésie et Côte-Nord ont reculé.","Ensemble du Québec : +7,0 ‰ (+0,7 %) en 2024-2025; puis −0,1 % sur l'année civile 2025 (première baisse).",,Institut de la statistique du Québec,https://statistique.quebec.ca/fr/fichier/fiches-demographiques-regions-administratives-quebec-2025.pdf
regions,Régions et territoire,Part des 65 ans et plus par région,"Gaspésie–Îles-de-la-Madeleine 32,2 %; Bas-Saint-Laurent 29,8 %; Montréal 17,4 %; Nord-du-Québec 10,4 %",2025 (1er juillet),% (région la plus âgée),,"Ensemble du Québec : 21,7 %, part en hausse (le ministère des Finances parle d'un « sommet »).","Québec : 21,7 %.",,Institut de la statistique du Québec,https://statistique.quebec.ca/fr/fichier/fiches-demographiques-regions-administratives-quebec-2025.pdf
regions,Régions et territoire,Solde naturel (naissances − décès),−2 250 pour le Québec; décès plus nombreux que les naissances dans 12 régions sur 17,2025,personnes,haut_mieux,"Positif jusqu'en 2022-2023 (+231), négatif depuis 2024. Fécondité : 1,36 enfant par femme (2025), près du creux historique de 1,35 (2024).",N/D,,Gouvernement du Québec,https://www.quebec.ca/nouvelles/actualites/details/naissances-deces-migrations-comment-la-population-du-quebec-a-t-elle-evolue-en-2025-70376
regions,Régions et territoire,Migration interrégionale,"12 régions gagnantes, 5 perdantes (Montréal, Laval, Abitibi-Témiscamingue, Côte-Nord, Nord-du-Québec)",2024-2025,qualitatif,,Lanaudière et Laurentides : grandes gagnantes année après année. Pertes de Montréal stables; déficit accru en Abitibi-Témiscamingue et Nord-du-Québec.,N/D,,Institut de la statistique du Québec,https://statistique.quebec.ca/fr/fichier/fiches-demographiques-regions-administratives-quebec-2025.pdf
regions,Régions et territoire,Écarts de revenu disponible entre régions,Laurentides : 40 100 $ (le plus élevé); Bas-Saint-Laurent et Mauricie : les plus faibles,2024,$ par habitant (région la plus élevée),,Croissance plus forte en 2024 dans presque toutes les régions (sauf Nord-du-Québec). MRC la plus riche : Pays-d'en-Haut (51 900 $).,Québec : 38 400 $.,,Institut de la statistique du Québec,https://statistique.quebec.ca/fr/communique/revenu-disponible-par-habitant-croissance-accelere-dans-presque-toutes-les-regions-quebec-2024
regions,Régions et territoire,Chômage régional,"De 1,9 % (Chaudière-Appalaches) à 8,8 % (Montréal)",août 2026,% (région la plus élevée),bas_mieux,N/D,"Québec : 5,6 %.",,guichetemplois.gc.ca,https://www.guichetemplois.gc.ca/analyse-tendances/rapport-marche-travail/qc/apercu-marche-travail
regions,Régions et territoire,Premières Nations et Inuit,11 nations; environ 1 % de la population du Québec,données au 31 décembre 2022 (profil gouvernemental),% de la population,,"Nord-du-Québec : âge moyen de 33,6 ans contre 43,1 ans au Québec; l'accroissement naturel y reste le moteur de la croissance.","Principales nations : Cris (~21 000), Innus (16 000+), Attikameks (~8 000), Algonquins (~6 000), Micmacs (5 000+).",,Gouvernement du Québec,https://www.quebec.ca/gouvernement/portrait-quebec/premieres-nations-inuits/profil-des-nations
immigration,Immigration et main-d'œuvre,Postes vacants,"123 700 postes; taux de 3,1 %",2e trimestre 2026,postes,bas_mieux,"Stable par rapport au 2e trimestre 2025; en baisse depuis les sommets post-pandémie (baisse de 13 250 au 3e trimestre 2025 sur un an). Santé et assistance sociale : 21,8 % des postes vacants (26 900).",N/D (comparaison Ontario non extraite),,Institut de la statistique du Québec,https://statistique.quebec.ca/fr/document/postes-vacants-au-quebec/publication/postes-vacants-au-quebec-par-trimestre
immigration,Immigration et main-d'œuvre,Résidents non permanents (RNP),514 050,1er janvier 2026,personnes,,"565 450 un an plus tôt (−51 400). L'accueil net de RNP est passé d'un sommet de 134 400 (2024) à environ 21 000 (2025). Part dans la population : 6,2 % (2025).","Ontario : 8,6 % de la population en 2025 (Desjardins).",Réduire progressivement : maximum de 65 000 travailleurs étrangers temporaires (PTET) et 110 000 étudiants étrangers d'ici fin 2029 (−13 % vs 2024).,Gouvernement du Québec,https://www.quebec.ca/nouvelles/actualites/details/naissances-deces-migrations-comment-la-population-du-quebec-a-t-elle-evolue-en-2025-70376
immigration,Immigration et main-d'œuvre,Immigrants permanents admis,60 150 (incluant les admissions hors cible du PEQ-Diplômés),2025,personnes,,"Admissions régulières : 50 829 (2023), 51 019 (2024), 47 210 à 50 220 prévues (2025).",N/D,Plan 2026 : 43 000 à 47 000 admissions; orientation 2026-2029 : environ 45 000 par an.,Gouvernement du Québec,https://www.quebec.ca/nouvelles/actualites/details/naissances-deces-migrations-comment-la-population-du-quebec-a-t-elle-evolue-en-2025-70376
immigration,Immigration et main-d'œuvre,Connaissance du français à l'admission,78 à 79 % (prévision),2025,%,haut_mieux,"66 % (2023), 73 % (2024), 78-79 % (2025 prévu), 76 % planifié en 2026.",N/D,Plus de 77 % sur la période 2026-2029.,Gouvernement du Québec,https://cdn-contenu.quebec.ca/cdn-contenu/adm/min/immigration/publications-adm/plan-immigration/PL_immigration_2026_MIFI.pdf
immigration,Immigration et main-d'œuvre,Part des immigrants permanents déjà présents au Québec,55 % (prévision),2025,%,,"38 % (2023), 45 % (2024), 55 % (2025), 54 % planifié en 2026.",N/D,65 % ou plus à la fin de la période 2026-2029.,Gouvernement du Québec,https://cdn-contenu.quebec.ca/cdn-contenu/adm/min/immigration/publications-adm/plan-immigration/PL_immigration_2026_MIFI.pdf
immigration,Immigration et main-d'œuvre,Population totale et migration interprovinciale,"9,03 millions (−9 600, −0,1 %); solde interprovincial −7 600",2025,millions d'habitants,,"Croissance record en 2023 (+1,8 %) et 2024 (+2,0 %), puis première baisse. Le ministère des Finances prévoit une baisse jusqu'en 2029 (−0,4 % en 2026).","Canada : +2,8 % (2023) et +3,0 % (2024).",,Gouvernement du Québec,https://www.quebec.ca/nouvelles/actualites/details/naissances-deces-migrations-comment-la-population-du-quebec-a-t-elle-evolue-en-2025-70376
